worldcover_code,class,n_default,n_min,n_max,source,source_row,confidence,status,notes
10,Tree cover,0.100,0.080,0.160,"Chow 1959 Table 5-6","D-2.d.4 heavy stand of timber, few down trees, little undergrowth, flood stage below branches (0.080/0.100/0.120); max taken from D-2.d.5 flood stage reaching branches (0.100/0.120/0.160)",medium,placeholder,"Deep GLOF flows reach branches, so the true value may be nearer 0.12; very large floods flatten trees and lower n"
20,Shrubland,0.070,0.045,0.110,"Chow 1959 Table 5-6","D-2.c.4 medium to dense brush, in winter (0.045/0.070/0.110)",medium,placeholder,"Winter row used for an Oct-type event; for monsoon season use D-2.c.5, summer (0.070/0.100/0.160)"
30,Grassland,0.035,0.025,0.050,"Chow 1959 Table 5-6","D-2.a.2 pasture no brush, high grass (0.030/0.035/0.050); min from D-2.a.1 short grass (0.025)",high,placeholder,"Alpine meadow is short grass; 0.030 is also defensible"
40,Cropland,0.035,0.020,0.050,"Chow 1959 Table 5-6","D-2.b cultivated areas: b.1 no crop (0.020/0.030/0.040) to b.3 mature field crops (0.030/0.040/0.050)",low,placeholder,"UNSURE: Himalayan terraced fields add form roughness (terrace risers) that Chow's flat-field rows don't cover; could be well above 0.05"
50,Built-up,0.100,0.015,0.200,"No Chow row","Practice-based range for 2D models; check against HEC-RAS 2D land-cover guidance or Kalyanapu et al. (2009)",low,placeholder,"UNSURE: the value depends on whether buildings are in the DEM. If buildings are burned into the DEM, use about 0.015-0.03 (streets); if not, a high equivalent roughness (0.1-0.2) stands in for flow blockage. Decide per site"
60,Bare / sparse vegetation,0.035,0.025,0.050,"Chow 1959 Table 5-6","C.e rock cuts, jagged and irregular (0.035/0.040/0.050); min from D-2.b.1 bare cultivated land, no crop (0.020/0.030/0.040)",low,placeholder,"UNSURE: in these valleys this class mixes scree, moraine, rock and gravel bars; gravel bars next to the channel may belong in the river-channel class"
70,Snow and ice,0.025,0.015,0.040,"No Chow row","None: placeholder guess",low,placeholder,"UNSURE / NO SOURCE: usually only near the lake, outside the main flood path; find a glaciological source if it matters"
80,Permanent water bodies,0.030,0.025,0.060,"Chow 1959 Table 5-6","D-1.a.1 minor streams on plain, clean, straight, full stage (0.025/0.030/0.033); max from D-3.a major streams, regular section (0.025-0.060)",medium,placeholder,"Lowland rivers and lakes only. In mountain reaches the river-channel class below should override this"
90,Herbaceous wetland,0.070,0.050,0.100,"Chow 1959 Table 5-6","D-1.a.6 sluggish reaches, weedy, deep pools (0.050/0.070/0.080); max toward D-1.a.7 very weedy reaches (0.075/0.100/0.150)",low,placeholder,"UNSURE: Chow has no wetland row; these are stream rows used as proxies"
95,Mangroves,0.150,0.110,0.200,"Chow 1959 Table 5-6","D-2.d.1 dense willows, summer, straight (0.110/0.150/0.200)",low,placeholder,"Not present in Himalayan sites; included only so every WorldCover code has a value"
100,Moss and lichen,0.030,0.025,0.035,"Chow 1959 Table 5-6","D-2.a.1 pasture, short grass (0.025/0.030/0.035)",low,placeholder,"UNSURE: proxy only"
999,River channel (steep boulder-bed),0.050,0.040,0.100,"Chow 1959 Table 5-6; Jarrett 1984","Chow D-1.b.2 mountain streams, bottom cobbles with large boulders (0.040/0.050/0.070); max extended to 0.10 per Jarrett (1984) high-gradient streams",low,placeholder,"UNSURE: rasterise from a mapped channel polygon or stream network and let it override WorldCover; treat as a calibration parameter"